{
    "expression": [
        [
            -0.005962143652141094,
            0.010105730965733528,
            -0.00013023364590480924,
            -0.031474482268095016,
            0.001952879480086267,
            0.008898562751710415,
            -0.0032664400059729815,
            0.0017027555732056499,
            -0.01692839525640011,
            -0.02821783348917961
        ]
    ],
    "scale": [
        0.9823638796806335
    ],
    "gender": "male",
    "global_orient": [
        [
            0.17981243133544922,
            -0.042924027889966965,
            0.03623897209763527
        ]
    ],
    "transl": [
        [
            0.020539553835988045,
            0.42367297410964966,
            -0.10233016312122345
        ]
    ],
    "betas": [
        [
            0.17373280227184296,
            -0.07784970104694366,
            0.2282446026802063,
            -0.05822595953941345,
            0.048331182450056076,
            0.01602264679968357,
            0.05190644413232803,
            -0.10630938410758972,
            -0.05313386023044586,
            -0.004865120630711317
        ]
    ],
    "body_pose": [
        [
            -0.35876864194869995,
            -0.05082835257053375,
            0.05434846505522728,
            -0.3646177053451538,
            0.04686824977397919,
            -0.1825016438961029,
            -0.00013397882867138833,
            6.90253873472102e-05,
            -0.0003186246904078871,
            0.6558223962783813,
            -0.03731970489025116,
            0.11798800528049469,
            0.5792562961578369,
            0.06855935603380203,
            -0.046243295073509216,
            9.623890946386382e-05,
            6.265839328989387e-05,
            2.9292792532942258e-05,
            -0.5618144869804382,
            0.2658281922340393,
            0.04111587256193161,
            -0.55605149269104,
            -0.1887969970703125,
            0.0021910981740802526,
            6.193514127517119e-05,
            0.0006115058204159141,
            -0.00010075417958432809,
            -0.00014583759184461087,
            8.818607602734119e-05,
            -4.3873038521269336e-05,
            -4.9806789320427924e-05,
            -5.528248948394321e-05,
            -9.944572229869664e-05,
            -0.08956708759069443,
            0.04626509174704552,
            0.019573573023080826,
            -8.641006843390642e-07,
            -3.18963429890573e-05,
            6.461277166636137e-07,
            -0.0001967934804270044,
            0.0002625324414111674,
            -0.00028980712522752583,
            0.15685999393463135,
            -0.05309752747416496,
            -0.06933432817459106,
            -0.011158331297338009,
            -0.16884858906269073,
            -0.7238340377807617,
            -0.028125200420618057,
            -0.13581925630569458,
            0.6994867324829102,
            -0.2303922325372696,
            -0.7258132696151733,
            0.11705269664525986,
            -0.2715591490268707,
            0.3150160610675812,
            -0.14983271062374115,
            0.14259760081768036,
            0.6106247305870056,
            -0.08860713988542557,
            0.19768203794956207,
            -0.1004045158624649,
            0.06966668367385864
        ]
    ],
    "jaw_pose": [
        [
            0.04675547406077385,
            0.022976379841566086,
            0.009745385497808456
        ]
    ],
    "left_hand_pose": [
        [
            -0.005701663438230753,
            -0.043558258563280106,
            -0.07435911893844604,
            0.09221138805150986,
            0.04460690915584564,
            0.003747390815988183
        ]
    ],
    "right_hand_pose": [
        [
            0.07073856145143509,
            -0.043824322521686554,
            -0.040639474987983704,
            0.06033344566822052,
            0.04134998470544815,
            0.00880590919405222
        ]
    ]
}