{
    "expression": [
        [
            -0.001273088506422937,
            -0.004568150267004967,
            -0.00044441569480113685,
            0.02672133594751358,
            -0.005244371015578508,
            0.0030719300266355276,
            0.0017721443437039852,
            0.0024869083426892757,
            0.01114422082901001,
            0.02701464481651783
        ]
    ],
    "scale": [
        1.056457281112671
    ],
    "gender": "male",
    "global_orient": [
        [
            0.10032394528388977,
            0.09916075319051743,
            -0.05622648075222969
        ]
    ],
    "transl": [
        [
            -0.007955443114042282,
            0.36849331855773926,
            -0.02115797810256481
        ]
    ],
    "betas": [
        [
            0.2085963487625122,
            -0.19003377854824066,
            0.4938545823097229,
            -0.08107142150402069,
            0.07633031159639359,
            -0.05985669791698456,
            0.08565095067024231,
            -0.07312480360269547,
            -0.06953759491443634,
            -0.020335843786597252
        ]
    ],
    "body_pose": [
        [
            0.019975073635578156,
            0.0015808335738256574,
            0.30689582228660583,
            -0.0050460100173950195,
            -0.07481442391872406,
            -0.15592405200004578,
            -7.484299567295238e-05,
            3.332157575641759e-05,
            1.4116028978605755e-05,
            0.5402393341064453,
            -0.08742716163396835,
            0.11153517663478851,
            0.5739821195602417,
            0.05284074321389198,
            0.09885024279356003,
            4.06965846195817e-05,
            4.769913721247576e-05,
            2.578586418167106e-06,
            -0.4879659116268158,
            0.25466692447662354,
            -0.17980711162090302,
            -0.6771875023841858,
            -0.22879661619663239,
            0.14141836762428284,
            -2.983323975058738e-05,
            -0.0002940292179118842,
            4.671748229156947e-06,
            -4.474697198020294e-05,
            -0.00014164025196805596,
            3.303192715975456e-05,
            1.1298419849481434e-05,
            -2.1667101464117877e-05,
            -1.874999907158781e-05,
            0.040368277579545975,
            0.2930382490158081,
            0.1972319781780243,
            2.3527585653937422e-05,
            -5.1590200200735126e-06,
            -2.9636228646268137e-05,
            1.6135516489157453e-05,
            9.720531124912668e-06,
            -3.115212530246936e-05,
            0.12549367547035217,
            -0.43784400820732117,
            -0.10545022040605545,
            0.4930172562599182,
            -0.030884476378560066,
            -0.5549935102462769,
            0.2337755560874939,
            -0.0003680270165205002,
            1.021841287612915,
            -0.12797360122203827,
            -1.1408072710037231,
            -0.005656593944877386,
            -0.21218988299369812,
            0.9678851962089539,
            -0.15797065198421478,
            -0.33209261298179626,
            0.8616763949394226,
            0.3842866122722626,
            -0.04240316525101662,
            -0.848222017288208,
            -0.179963618516922
        ]
    ],
    "jaw_pose": [
        [
            0.0347370021045208,
            0.00990151148289442,
            0.005619206465780735
        ]
    ],
    "left_hand_pose": [
        [
            0.514417290687561,
            -0.07254412770271301,
            0.06554929912090302,
            0.21184296905994415,
            0.04062658175826073,
            0.07067390531301498
        ]
    ],
    "right_hand_pose": [
        [
            0.10870657116174698,
            -0.12824364006519318,
            0.04710156098008156,
            0.1094093769788742,
            0.07772806286811829,
            0.09160353988409042
        ]
    ]
}