{
    "expression": [
        [
            -0.014876979403197765,
            -0.010766670107841492,
            0.004917438142001629,
            -0.002366750966757536,
            -0.0005897164810448885,
            -0.006527520250529051,
            0.0034620410297065973,
            0.0023800597991794348,
            -0.0018854669760912657,
            -0.010153788141906261
        ]
    ],
    "scale": [
        1.0652594566345215
    ],
    "gender": "male",
    "global_orient": [
        [
            0.32312896847724915,
            -0.05058314651250839,
            -0.008269181475043297
        ]
    ],
    "transl": [
        [
            0.03166043385863304,
            0.3875682055950165,
            -0.11937612295150757
        ]
    ],
    "betas": [
        [
            0.08174627274274826,
            -0.2441602647304535,
            0.3040030300617218,
            0.08918299525976181,
            0.11554551869630814,
            0.05944685637950897,
            0.13152804970741272,
            0.11349016427993774,
            -0.05646071583032608,
            -0.09757298976182938
        ]
    ],
    "body_pose": [
        [
            -0.0979406088590622,
            0.0477629080414772,
            0.061438657343387604,
            -0.2809296250343323,
            0.04489286616444588,
            -0.023637857288122177,
            4.4255146769422993e-10,
            7.854600880818907e-06,
            2.416533334326232e-06,
            0.16136391460895538,
            -0.10569028556346893,
            0.08295992761850357,
            0.2998559772968292,
            0.0993887409567833,
            -0.01643146201968193,
            -8.60638920130441e-06,
            7.409990303131053e-06,
            4.043115495733218e-06,
            -0.4081788659095764,
            0.23311033844947815,
            -0.27661940455436707,
            -0.3210000991821289,
            -0.1571841686964035,
            0.1506805121898651,
            3.6319663649919676e-06,
            2.5783301680348814e-06,
            -1.393478214595234e-05,
            -2.822760905019095e-07,
            -2.9065322451060638e-06,
            -1.6560574067625566e-07,
            9.65356889537361e-07,
            5.832176157127833e-06,
            7.052318687783554e-05,
            -0.1532975733280182,
            -0.13727080821990967,
            0.026169229298830032,
            -2.800716401907266e-06,
            5.968064670014428e-06,
            -4.5863198465667665e-06,
            1.932608711285866e-06,
            -1.444023655494675e-05,
            2.2995882318355143e-05,
            0.0002973327646031976,
            0.28886017203330994,
            0.03119676560163498,
            0.5992942452430725,
            -0.1028529554605484,
            -0.9161404371261597,
            0.7054935097694397,
            -0.04550677537918091,
            0.7838872075080872,
            0.18285149335861206,
            -1.338073968887329,
            0.03628632798790932,
            0.13137803971767426,
            1.4613763093948364,
            0.26098018884658813,
            0.10025656968355179,
            -1.0584757328033447,
            0.1970491111278534,
            0.48168644309043884,
            1.010290265083313,
            -0.09989950060844421
        ]
    ],
    "jaw_pose": [
        [
            0.008578063920140266,
            -0.006208646576851606,
            0.004662320949137211
        ]
    ],
    "left_hand_pose": [
        [
            -0.24307528138160706,
            0.02670476585626602,
            0.1035720482468605,
            -0.28170254826545715,
            -0.08744382113218307,
            0.20870210230350494
        ]
    ],
    "right_hand_pose": [
        [
            0.15118882060050964,
            -0.1789092868566513,
            0.10353482514619827,
            -0.17769385874271393,
            -0.004059589002281427,
            -0.019859757274389267
        ]
    ]
}